BranchPredictor,Benchmark,IL1_Misses,DL1_Misses,L2_Misses,Total_Instructions,BTBMissPct,BranchMispredPercent,CPI
TournamentBP,401.bzip2,1499,9495933,2637679,500000001,0.008317,3.221745,1.611977
TournamentBP,429.mcf,1068,23278572,6317675,500000001,0.034113,3.93756,2.476421
TournamentBP,456.hmmer,2175,222142,7294,500000006,0.041669,4.908547,1.005653
TournamentBP,458.sjeng,4489,8456644,8377785,500000002,1.590185,5.065439,2.509668
TournamentBP,470.lbm,858,7163131,7148040,500000000,0.011716,0.339864,2.286966
