BranchPredictor,Benchmark,IL1_Misses,DL1_Misses,L2_Misses,Total_Instructions,BTBMissPct,BranchMispredPercent,CPI
LocalBP,401.bzip2,1547,9494831,2637420,500000001,0.001850,3.471987,1.611915
LocalBP,429.mcf,1094,23287055,6317742,500000001,0.426543,6.700281,2.476602
LocalBP,456.hmmer,2131,224040,7290,500000003,0.024440,8.994815,1.005690
LocalBP,458.sjeng,4469,8455626,8377894,500000002,1.878460,7.154715,2.509665
LocalBP,470.lbm,874,7185582,7148387,500000000,0.006876,0.567067,2.287471
